"country_name","avg_incident_rate","trend_change"
"Sint Maarten (Dutch part)","3","Increasing"
"Grenada","4","Increasing"
"Grenada","4","Increasing"
"Iceland","4","Increasing"
"Saint Kitts and Nevis","4","Increasing"
"Sint Maarten (Dutch part)","5","Increasing"
"British Virgin Islands","6","Increasing"
"British Virgin Islands","6","Increasing"
"American Samoa","6","Increasing"
"Antigua and Barbuda","6","Increasing"
"Cyprus","6","Increasing"
"Denmark","7","Increasing"
"Australia","7","Increasing"
"Germany","7","Increasing"
"Luxembourg","7","Increasing"
"Finland","7","Increasing"
"Italy","7","Increasing"
"Greece","7","Increasing"
"Norway","8","Increasing"
"Sweden","8","Increasing"
"Slovakia","8","Increasing"
"Slovakia","8","Increasing"
"Canada","8","Increasing"
"Netherlands","8","Increasing"
"Italy","8","Increasing"
"American Samoa","8","Increasing"
"Slovakia","8","Increasing"
"West Bank and Gaza Strip","8","Increasing"
"US Virgin Islands","8","Increasing"
"Sint Maarten (Dutch part)","8","Increasing"
"Puerto Rico","8","Increasing"
"Slovakia","9","Increasing"
"Bahrain","9","Increasing"
"Czech Republic","9","Increasing"
"France","9","Increasing"
"France","9","Increasing"
"Finland","9","Increasing"
"Israel","9","Increasing"
"Cayman Islands","9","Increasing"
"Israel","10","Increasing"
"British Virgin Islands","10","Increasing"
"France","10","Increasing"
"Saint Lucia","10","Increasing"
"Netherlands Antilles","10","Increasing"
"Luxembourg","10","Increasing"
"British Virgin Islands","10","Increasing"
"Austria","10","Increasing"
"Ireland","10","Increasing"
"Greece","10","Increasing"
"Israel","10","Increasing"
"Belgium","10","Increasing"
"Bahrain","10","Increasing"
"Seychelles","10","Increasing"
"Finland","10","Increasing"
"Denmark","10","Increasing"
"Dominica","10","Increasing"
"Malta","11","Increasing"
"New Zealand","11","Increasing"
"Oman","11","Increasing"
"Luxembourg","11","Increasing"
"Cook Islands","11","Increasing"
"Slovenia","11","Increasing"
"Denmark","11","Increasing"
"New Zealand","11","Increasing"
"United States of America","11","Increasing"
"United Kingdom","12","Increasing"
"Wallis and Futuna Islands","12","Increasing"
"United Arab Emirates","12","Increasing"
"Slovenia","12","Increasing"
"Ireland","12","Increasing"
"United Kingdom","12","Increasing"
"United Kingdom","12","Increasing"
"Aruba","12","Increasing"
"United Arab Emirates","12","Increasing"
"Lebanon","12","Increasing"
"Cuba","12","Increasing"
"France","12","Increasing"
"Ireland","12","Increasing"
"Lebanon","12","Increasing"
"Austria","12","Increasing"
"Oman","12","Increasing"
"United Kingdom","13","Increasing"
"Dominica","13","Increasing"
"Tonga","13","Increasing"
"Costa Rica","13","Increasing"
"Oman","13","Increasing"
"Cuba","13","Increasing"
"United Kingdom","13","Increasing"
"Bahamas","13","Increasing"
"Trinidad","14","Increasing"
"Seychelles","14","Increasing"
"Saint Lucia","14","Increasing"
"Jordan","14","Increasing"
"Jordan","14","Increasing"
"Finland","14","Increasing"
"Oman","15","Increasing"
"Aruba","15","Increasing"
"Cuba","15","Increasing"
"Oman","15","Increasing"
"United Kingdom","15","Increasing"
"Costa Rica","15","Increasing"
"Aruba","15","Increasing"
"Aruba","15","Increasing"
"Saudi Arabia","15","Increasing"
"Aruba","15","Increasing"
"Bahrain","15","Increasing"
"Aruba","15","Increasing"
"Slovenia","15","Increasing"
"Bahamas","15","Increasing"
"United Kingdom","15","Increasing"
"Austria","15","Increasing"
"Aruba","15","Increasing"
"Albania","16","Increasing"
"Trinidad","16","Increasing"
"Belgium","16","Increasing"
"Chile","16","Increasing"
"Czech Republic","16","Increasing"
"Trinidad","16","Increasing"
"Egypt","16","Increasing"
"Germany","16","Increasing"
"Saudi Arabia","16","Increasing"
"Wallis and Futuna Islands","16","Increasing"
"Trinidad","16","Increasing"
"Slovakia","16","Increasing"
"Chile","16","Increasing"
"British Virgin Islands","17","Increasing"
"Egypt","17","Increasing"
"Chile","17","Increasing"
"Lebanon","17","Increasing"
"Germany","17","Increasing"
"British Virgin Islands","17","Increasing"
"Saudi Arabia","17","Increasing"
"Albania","17","Increasing"
"Turks and Caicos Islands","17","Increasing"
"Samoa","17","Increasing"
"Albania","17","Increasing"
"Hungary","18","Increasing"
"Tonga","18","Increasing"
"Samoa","18","Increasing"
"Samoa","18","Increasing"
"Turks and Caicos Islands","18","Increasing"
"The Former Yugoslav Republic of Macedonia","18","Increasing"
"Ireland","18","Increasing"
"Costa Rica","18","Increasing"
"Dominica","18","Increasing"
"Saudi Arabia","18","Increasing"
"British Virgin Islands","18","Increasing"
"Albania","18","Increasing"
"Germany","18","Increasing"
"Saudi Arabia","19","Increasing"
"Slovenia","19","Increasing"
"Saint Lucia","19","Increasing"
"Iran","19","Increasing"
"Ireland","19","Increasing"
"Croatia","19","Increasing"
"Austria","19","Increasing"
"Mexico","20","Increasing"
"Montenegro","20","Increasing"
"Iran","20","Increasing"
"Germany","20","Increasing"
"Turkey","20","Increasing"
"Slovakia","20","Increasing"
"Tonga","20","Increasing"
"Germany","20","Increasing"
"Slovenia","20","Increasing"
"Syrian Arab Republic","20","Increasing"
"Cuba","20","Increasing"
"Ireland","20","Increasing"
"Saint Lucia","20","Increasing"
"Spain","20","Increasing"
"Spain","20","Increasing"
"Bahrain","20","Increasing"
"Czech Republic","21","Increasing"
"Japan","21","Increasing"
"Mexico","21","Increasing"
"Mauritius","21","Increasing"
"Ireland","21","Increasing"
"Egypt","21","Increasing"
"Cuba","21","Increasing"
"Montenegro","21","Increasing"
"Anguilla","21","Increasing"
"Mexico","21","Increasing"
"Costa Rica","21","Increasing"
"Serbia","21","Increasing"
"Trinidad","21","Increasing"
"Andorra","21","Increasing"
"Anguilla","21","Increasing"
"Uruguay","22","Increasing"
"Uruguay","22","Increasing"
"French Polynesia","22","Increasing"
"Palau","22","Increasing"
"Trinidad","22","Increasing"
"French Polynesia","22","Increasing"
"Anguilla","22","Increasing"
"Costa Rica","22","Increasing"
"Syrian Arab Republic","22","Increasing"
"Hungary","22","Increasing"
"Lebanon","22","Increasing"
"Anguilla","22","Increasing"
"Czech Republic","22","Increasing"
"Egypt","22","Increasing"
"Anguilla","23","Increasing"
"Bahrain","23","Increasing"
"Uruguay","23","Increasing"
"Tunisia","23","Increasing"
"Trinidad","23","Increasing"
"Anguilla","23","Increasing"
"Cuba","23","Increasing"
"Poland","23","Increasing"
"French Polynesia","23","Increasing"
"Egypt","23","Increasing"
"Tunisia","23","Increasing"
"Mexico","23","Increasing"
"Uruguay","23","Increasing"
"Poland","23","Increasing"
"New Caledonia","24","Increasing"
"Saint Vincent and the Grenadines","24","Increasing"
"Kuwait","24","Increasing"
"Slovenia","24","Increasing"
"Albania","24","Increasing"
"Tunisia","24","Increasing"
"Albania","24","Increasing"
"Mauritius","24","Increasing"
"Estonia","24","Increasing"
"Anguilla","24","Increasing"
"Albania","24","Increasing"
"Hungary","24","Increasing"
"Tonga","24","Increasing"
"New Caledonia","24","Increasing"
"Turkey","24","Increasing"
"Kuwait","24","Increasing"
"Anguilla","24","Increasing"
"Montenegro","24","Increasing"
"Saint Vincent and the Grenadines","24","Increasing"
"New Caledonia","24","Increasing"
"Bahrain","24","Increasing"
"Saint Vincent and the Grenadines","24","Increasing"
"The Former Yugoslav Republic of Macedonia","25","Increasing"
"Poland","25","Increasing"
"Mauritius","25","Increasing"
"Saint Vincent and the Grenadines","25","Increasing"
"Seychelles","25","Increasing"
"Kuwait","25","Increasing"
"Saint Vincent and the Grenadines","25","Increasing"
"Cuba","25","Increasing"
"Saint Vincent and the Grenadines","25","Increasing"
"Chile","25","Increasing"
"Syrian Arab Republic","26","Increasing"
"American Samoa","26","Increasing"
"Bahrain","26","Increasing"
"Albania","26","Increasing"
"Slovenia","26","Increasing"
"Tonga","26","Increasing"
"Seychelles","26","Increasing"
"Japan","26","Increasing"
"Spain","26","Increasing"
"Oman","26","Increasing"
"Saint Vincent and the Grenadines","26","Increasing"
"New Caledonia","26","Increasing"
"Mauritius","26","Increasing"
"Kuwait","26","Increasing"
"Portugal","26","Increasing"
"Bahamas","26","Increasing"
"Spain","27","Increasing"
"Uruguay","27","Increasing"
"Saint Vincent and the Grenadines","27","Increasing"
"Argentina","27","Increasing"
"Spain","27","Increasing"
"Saint Vincent and the Grenadines","27","Increasing"
"Montenegro","27","Increasing"
"Portugal","27","Increasing"
"Bahamas","27","Increasing"
"Croatia","27","Increasing"
"Hungary","27","Increasing"
"Saint Vincent and the Grenadines","27","Increasing"
"Mauritius","27","Increasing"
"El Salvador","27","Increasing"
"Lebanon","27","Increasing"
"Turks and Caicos Islands","27","Increasing"
"Seychelles","27","Increasing"
"Seychelles","27","Increasing"
"Bahrain","27","Increasing"
"Mauritius","27","Increasing"
"Albania","27","Increasing"
"Saint Vincent and the Grenadines","27","Increasing"
"Spain","27","Increasing"
"Bahamas","28","Increasing"
"Egypt","28","Increasing"
"French Polynesia","28","Increasing"
"French Polynesia","28","Increasing"
"Tunisia","28","Increasing"
"Turks and Caicos Islands","29","Increasing"
"Japan","29","Increasing"
"Montenegro","29","Increasing"
"Portugal","29","Increasing"
"Turkey","29","Increasing"
"Turks and Caicos Islands","29","Increasing"
"Croatia","29","Increasing"
"Costa Rica","29","Increasing"
"Bulgaria","29","Increasing"
"Egypt","29","Increasing"
"Turks and Caicos Islands","29","Increasing"
"Estonia","29","Increasing"
"Kuwait","29","Increasing"
"Palau","29","Increasing"
"Turkey","30","Increasing"
"Argentina","30","Increasing"
"Serbia","30","Increasing"
"Uruguay","30","Increasing"
"Slovenia","30","Increasing"
"Wallis and Futuna Islands","30","Increasing"
"Tunisia","30","Increasing"
"Japan","31","Increasing"
"French Polynesia","31","Increasing"
"Tonga","31","Increasing"
"Bahrain","31","Increasing"
"Tunisia","31","Increasing"
"Estonia","31","Increasing"
"Turkey","31","Increasing"
"Saint Kitts and Nevis","31","Increasing"
"The Former Yugoslav Republic of Macedonia","31","Increasing"
"Tunisia","31","Increasing"
"Chile","31","Increasing"
"Aruba","31","Increasing"
"Portugal","31","Increasing"
"Egypt","31","Increasing"
"Poland","31","Increasing"
"Seychelles","31","Increasing"
"Mexico","31","Increasing"
"Uruguay","31","Increasing"
"Argentina","32","Increasing"
"Bulgaria","32","Increasing"
"El Salvador","32","Increasing"
"El Salvador","32","Increasing"
"Guam","32","Increasing"
"Turkey","32","Increasing"
"Slovakia","32","Increasing"
"Argentina","33","Increasing"
"Slovenia","33","Increasing"
"Venezuela (Bolivarian Republic of)","33","Increasing"
"Bahrain","33","Increasing"
"New Caledonia","33","Increasing"
"Colombia","33","Increasing"
"Singapore","33","Increasing"
"Estonia","33","Increasing"
"Comoros","33","Increasing"
"Venezuela (Bolivarian Republic of)","33","Increasing"
"El Salvador","33","Increasing"
"Venezuela (Bolivarian Republic of)","33","Increasing"
"Venezuela (Bolivarian Republic of)","34","Increasing"
"Egypt","34","Increasing"
"Comoros","34","Increasing"
"Comoros","34","Increasing"
"Mexico","34","Increasing"
"Iran","34","Increasing"
"Hungary","34","Increasing"
"New Caledonia","34","Increasing"
"Venezuela (Bolivarian Republic of)","34","Increasing"
"Venezuela (Bolivarian Republic of)","34","Increasing"
"Armenia","34","Increasing"
"Singapore","34","Increasing"
"Nauru","34","Increasing"
"Bahrain","34","Increasing"
"Croatia","34","Increasing"
"Lebanon","34","Increasing"
"Venezuela (Bolivarian Republic of)","34","Increasing"
"Iran","35","Increasing"
"Egypt","35","Increasing"
"Tonga","35","Increasing"
"Turkey","35","Increasing"
"Belarus","35","Increasing"
"Estonia","35","Increasing"
"Belize","35","Increasing"
"Comoros","36","Increasing"
"Belize","36","Increasing"
"Comoros","36","Increasing"
"Tonga","36","Increasing"
"Slovakia","36","Increasing"
"The Former Yugoslav Republic of Macedonia","36","Increasing"
"Serbia","36","Increasing"
"Comoros","36","Increasing"
"Guam","36","Increasing"
"Turks and Caicos Islands","36","Increasing"
"Colombia","36","Increasing"
"Comoros","37","Increasing"
"Kuwait","37","Increasing"
"Tokelau","37","Increasing"
"Singapore","37","Increasing"
"El Salvador","37","Increasing"
"Argentina","37","Increasing"
"Croatia","37","Increasing"
"Serbia","37","Increasing"
"Guam","37","Increasing"
"Tonga","37","Increasing"
"Turkey","38","Increasing"
"Maldives","38","Increasing"
"Bulgaria","38","Increasing"
"The Former Yugoslav Republic of Macedonia","39","Increasing"
"Comoros","39","Increasing"
"Argentina","39","Increasing"
"Syrian Arab Republic","39","Increasing"
"Bahrain","39","Increasing"
"Colombia","39","Increasing"
"Chile","40","Increasing"
"Libya","40","Increasing"
"Singapore","40","Increasing"
"Libya","40","Increasing"
"Japan","40","Increasing"
"Libya","40","Increasing"
"Colombia","40","Increasing"
"Libya","40","Increasing"
"Nauru","40","Increasing"
"Mexico","40","Increasing"
"Poland","40","Increasing"
"Libya","40","Increasing"
"Panama","40","Increasing"
"Qatar","40","Increasing"
"Libya","40","Increasing"
"Croatia","40","Increasing"
"Libya","40","Increasing"
"Comoros","40","Increasing"
"Hungary","40","Increasing"
"Libya","40","Increasing"
"Montserrat","40","Increasing"
"Libya","40","Increasing"
"Qatar","40","Increasing"
"Libya","40","Increasing"
"Argentina","40","Increasing"
"Guam","40","Increasing"
"Bulgaria","41","Increasing"
"Panama","41","Increasing"
"Andorra","41","Increasing"
"Bulgaria","41","Increasing"
"Turkey","41","Increasing"
"Comoros","41","Increasing"
"Maldives","42","Increasing"
"Hungary","42","Increasing"
"Belize","42","Increasing"
"Suriname","42","Increasing"
"Estonia","42","Increasing"
"Fiji","43","Increasing"
"Mexico","43","Increasing"
"Portugal","43","Increasing"
"The Former Yugoslav Republic of Macedonia","43","Increasing"
"Chile","43","Increasing"
"Qatar","43","Increasing"
"Fiji","43","Increasing"
"Paraguay","44","Increasing"
"Andorra","44","Increasing"
"New Caledonia","44","Increasing"
"Argentina","44","Increasing"
"Suriname","44","Increasing"
"Hungary","44","Increasing"
"Comoros","44","Increasing"
"Fiji","44","Increasing"
"Iraq","45","Increasing"
"Serbia","45","Increasing"
"Iraq","45","Increasing"
"Iraq","45","Increasing"
"Poland","45","Increasing"
"Palau","45","Increasing"
"Japan","46","Increasing"
"Iraq","46","Increasing"
"Serbia","46","Increasing"
"Bosnia and Herzegovina","46","Increasing"
"Paraguay","46","Increasing"
"Nauru","46","Increasing"
"Qatar","46","Increasing"
"Guam","46","Increasing"
"Turkey","46","Increasing"
"Maldives","46","Increasing"
"French Polynesia","46","Increasing"
"The Former Yugoslav Republic of Macedonia","46","Increasing"
"Brazil","46","Increasing"
"Nicaragua","47","Increasing"
"Montserrat","47","Increasing"
"Panama","47","Increasing"
"Suriname","47","Increasing"
"French Polynesia","47","Increasing"
"Mexico","47","Increasing"
"Brazil","47","Increasing"
"French Polynesia","47","Increasing"
"Japan","47","Increasing"
"Estonia","47","Increasing"
"Belize","47","Increasing"
"Iraq","48","Increasing"
"Yemen","48","Increasing"
"Brazil","48","Increasing"
"Iraq","48","Increasing"
"Armenia","48","Increasing"
"Hungary","48","Increasing"
"Yemen","48","Increasing"
"Bulgaria","48","Increasing"
"Paraguay","48","Increasing"
"Andorra","49","Increasing"
"Maldives","49","Increasing"
"Syrian Arab Republic","49","Increasing"
"Guam","49","Increasing"
"Brazil","49","Increasing"
"Iraq","49","Increasing"
"Paraguay","49","Increasing"
"The Former Yugoslav Republic of Macedonia","49","Increasing"
"Iraq","49","Increasing"
"Armenia","49","Increasing"
"Nicaragua","49","Increasing"
"Andorra","49","Increasing"
"Togo","49","Increasing"
"Poland","49","Increasing"
"Colombia","49","Increasing"
"Guam","50","Increasing"
"Turkey","50","Increasing"
"Bosnia and Herzegovina","50","Increasing"
"Brazil","50","Increasing"
"Iraq","50","Increasing"
"Comoros","50","Increasing"
"Yemen","50","Increasing"
"Russian Federation","50","Increasing"
"Brunei Darussalam","51","Increasing"
"Qatar","51","Increasing"
"Iraq","51","Increasing"
"Togo","51","Increasing"
"Panama","51","Increasing"
"Latvia","51","Increasing"
"Syrian Arab Republic","51","Increasing"
"Argentina","51","Increasing"
"Maldives","51","Increasing"
"New Caledonia","51","Increasing"
"Niue","51","Increasing"
"Croatia","51","Increasing"
"Iraq","51","Increasing"
"Paraguay","51","Increasing"
"Niue","52","Increasing"
"Nicaragua","52","Increasing"
"Suriname","52","Increasing"
"Armenia","52","Increasing"
"Ukraine","52","Increasing"
"Estonia","52","Increasing"
"Iraq","52","Increasing"
"El Salvador","52","Increasing"
"Qatar","53","Increasing"
"Armenia","53","Increasing"
"Portugal","53","Increasing"
"Argentina","53","Increasing"
"Turkey","53","Increasing"
"New Caledonia","53","Increasing"
"Togo","53","Increasing"
"Latvia","53","Increasing"
"Qatar","53","Increasing"
"Croatia","53","Increasing"
"Fiji","53","Increasing"
"Palau","53","Increasing"
"El Salvador","54","Increasing"
"Panama","54","Increasing"
"Honduras","54","Increasing"
"Syrian Arab Republic","54","Increasing"
"Qatar","54","Increasing"
"Burkina Faso","54","Increasing"
"Mexico","54","Increasing"
"Bosnia and Herzegovina","54","Increasing"
"Paraguay","54","Increasing"
"Brazil","54","Increasing"
"Honduras","54","Increasing"
"Nicaragua","54","Increasing"
"Nauru","54","Increasing"
"Croatia","54","Increasing"
"El Salvador","55","Increasing"
"Yemen","55","Increasing"
"Turks and Caicos Islands","55","Increasing"
"Maldives","55","Increasing"
"Guam","55","Increasing"
"Argentina","55","Increasing"
"Nicaragua","55","Increasing"
"Bulgaria","55","Increasing"
"Nauru","55","Increasing"
"Belize","55","Increasing"
"Portugal","56","Increasing"
"Fiji","56","Increasing"
"Republic of Moldova","56","Increasing"
"Northern Mariana Islands","56","Increasing"
"Panama","57","Increasing"
"Nauru","57","Increasing"
"Wallis and Futuna Islands","57","Increasing"
"Estonia","57","Increasing"
"Russian Federation","57","Increasing"
"Nauru","57","Increasing"
"Estonia","57","Increasing"
"Syrian Arab Republic","57","Increasing"
"Burkina Faso","57","Increasing"
"Bulgaria","57","Increasing"
"Armenia","57","Increasing"
"Croatia","58","Increasing"
"Burkina Faso","58","Increasing"
"El Salvador","58","Increasing"
"Bosnia and Herzegovina","58","Increasing"
"Togo","58","Increasing"
"Ukraine","58","Increasing"
"Armenia","58","Increasing"
"Singapore","58","Increasing"
"Wallis and Futuna Islands","58","Increasing"
"Qatar","58","Increasing"
"Belize","58","Increasing"
"Panama","59","Increasing"
"Brunei Darussalam","59","Increasing"
"Latvia","59","Increasing"
"Guam","59","Increasing"
"Brunei Darussalam","59","Increasing"
"Maldives","59","Increasing"
"New Caledonia","60","Increasing"
"Burkina Faso","60","Increasing"
"Portugal","60","Increasing"
"Bulgaria","60","Increasing"
"Belize","60","Increasing"
"Paraguay","60","Increasing"
"Yemen","60","Increasing"
"Singapore","60","Increasing"
"Guatemala","60","Increasing"
"Guatemala","61","Increasing"
"Honduras","61","Increasing"
"Fiji","61","Increasing"
"Mali","61","Increasing"
"Togo","61","Increasing"
"Panama","61","Increasing"
"Syrian Arab Republic","61","Increasing"
"Burkina Faso","61","Increasing"
"Serbia","61","Increasing"
"Panama","62","Increasing"
"Ecuador","62","Increasing"
"Portugal","62","Increasing"
"Brunei Darussalam","62","Increasing"
"Mali","62","Increasing"
"Mexico","62","Increasing"
"Guatemala","62","Increasing"
"Nicaragua","62","Increasing"
"Vanuatu","62","Increasing"
"Suriname","62","Increasing"
"Bulgaria","63","Increasing"
"Singapore","63","Increasing"
"Armenia","63","Increasing"
"Brunei Darussalam","63","Increasing"
"Bulgaria","63","Increasing"
"Guatemala","63","Increasing"
"Singapore","63","Increasing"
"Paraguay","63","Increasing"
"Estonia","63","Increasing"
"Brunei Darussalam","63","Increasing"
"Vanuatu","63","Increasing"
"Turks and Caicos Islands","63","Increasing"
"Burkina Faso","63","Increasing"
"Singapore","64","Increasing"
"Brunei Darussalam","64","Increasing"
"Fiji","64","Increasing"
"Burkina Faso","64","Increasing"
"Algeria","64","Increasing"
"Guatemala","64","Increasing"
"Ukraine","64","Increasing"
"Algeria","64","Increasing"
"Guatemala","64","Increasing"
"Nicaragua","65","Increasing"
"Dominican Republic","65","Increasing"
"Burkina Faso","65","Increasing"
"Lithuania","65","Increasing"
"Wallis and Futuna Islands","65","Increasing"
"Serbia","65","Increasing"
"Uzbekistan","65","Increasing"
"Guatemala","65","Increasing"
"Guam","65","Increasing"
"Vanuatu","65","Increasing"
"Guatemala","65","Increasing"
"New Caledonia","66","Increasing"
"Sri Lanka","66","Increasing"
"Russian Federation","66","Increasing"
"Sri Lanka","66","Increasing"
"Yemen","66","Increasing"
"Mali","66","Increasing"
"Sri Lanka","66","Increasing"
"Sri Lanka","66","Increasing"
"Uzbekistan","66","Increasing"
"Sri Lanka","66","Increasing"
"Sri Lanka","66","Increasing"
"Sri Lanka","66","Increasing"
"Burkina Faso","66","Increasing"
"Sri Lanka","66","Increasing"
"Sri Lanka","66","Increasing"
"Armenia","66","Increasing"
"Sri Lanka","66","Increasing"
"Palau","66","Increasing"
"Sri Lanka","66","Increasing"
"Sri Lanka","66","Increasing"
"Ghana","66","Increasing"
"Sri Lanka","66","Increasing"
"Portugal","66","Increasing"
"Burkina Faso","67","Increasing"
"Palau","67","Increasing"
"Guatemala","67","Increasing"
"Algeria","67","Increasing"
"Serbia","67","Increasing"
"Armenia","67","Increasing"
"Marshall Islands","67","Increasing"
"Dominican Republic","67","Increasing"
"Uzbekistan","67","Increasing"
"Togo","67","Increasing"
"Guatemala","67","Increasing"
"Latvia","68","Increasing"
"Serbia","68","Increasing"
"Brunei Darussalam","68","Increasing"
"Ecuador","68","Increasing"
"Nicaragua","68","Increasing"
"Portugal","68","Increasing"
"Guatemala","68","Increasing"
"Brunei Darussalam","68","Increasing"
"Guatemala","68","Increasing"
"Lithuania","68","Increasing"
"Brunei Darussalam","68","Increasing"
"Rwanda","69","Increasing"
"Vanuatu","69","Increasing"
"Uzbekistan","69","Increasing"
"Benin","69","Increasing"
"Northern Mariana Islands","69","Increasing"
"Brunei Darussalam","70","Increasing"
"Benin","70","Increasing"
"Guatemala","70","Increasing"
"Qatar","70","Increasing"
"Lithuania","70","Increasing"
"Northern Mariana Islands","70","Increasing"
"Togo","70","Increasing"
"Belarus","70","Increasing"
"Suriname","70","Increasing"
"Armenia","70","Increasing"
"Dominican Republic","70","Increasing"
"Benin","70","Increasing"
"Benin","70","Increasing"
"Benin","70","Increasing"
"Belarus","70","Increasing"
"Portugal","71","Increasing"
"Belarus","71","Increasing"
"Belarus","71","Increasing"
"Brazil","71","Increasing"
"Ukraine","71","Increasing"
"Guatemala","71","Increasing"
"Belarus","71","Increasing"
"Armenia","71","Increasing"
"Fiji","71","Increasing"
"Belarus","71","Increasing"
"Algeria","71","Increasing"
"Togo","72","Increasing"
"Togo","72","Increasing"
"Togo","72","Increasing"
"Ecuador","72","Increasing"
"Vanuatu","72","Increasing"
"Suriname","72","Increasing"
"Guatemala","72","Increasing"
"Latvia","72","Increasing"
"Togo","72","Increasing"
"Togo","72","Increasing"
"Nicaragua","72","Increasing"
"Turkmenistan","72","Increasing"
"Mali","73","Increasing"
"Togo","73","Increasing"
"Togo","73","Increasing"
"Guam","73","Increasing"
"Tokelau","73","Increasing"
"Northern Mariana Islands","73","Increasing"
"Dominican Republic","73","Increasing"
"Turks and Caicos Islands","73","Increasing"
"Lithuania","73","Increasing"
"Brazil","73","Increasing"
"Belarus","73","Increasing"
"Armenia","74","Increasing"
"Malaysia","74","Increasing"
"Mali","74","Increasing"
"Togo","74","Increasing"
"Guatemala","75","Increasing"
"Armenia","75","Increasing"
"Nauru","75","Increasing"
"Malaysia","75","Increasing"
"Belarus","75","Increasing"
"Malaysia","75","Increasing"
"Bosnia and Herzegovina","75","Increasing"
"Benin","75","Increasing"
"Burkina Faso","75","Increasing"
"Brunei Darussalam","76","Increasing"
"Armenia","76","Increasing"
"Mali","76","Increasing"
"Togo","76","Increasing"
"Dominican Republic","76","Increasing"
"Malaysia","76","Increasing"
"Mali","76","Increasing"
"Togo","76","Increasing"
"Brunei Darussalam","76","Increasing"
"Togo","76","Increasing"
"Vanuatu","77","Increasing"
"Armenia","77","Increasing"
"Fiji","77","Increasing"
"Malaysia","77","Increasing"
"Northern Mariana Islands","77","Increasing"
"Mali","77","Increasing"
"Malaysia","77","Increasing"
"Malaysia","77","Increasing"
"Mali","77","Increasing"
"Suriname","77","Increasing"
"Armenia","77","Increasing"
"China","77","Increasing"
"Lithuania","78","Increasing"
"Benin","78","Increasing"
"Burkina Faso","78","Increasing"
"Malaysia","78","Increasing"
"Brazil","78","Increasing"
"Mali","78","Increasing"
"Northern Mariana Islands","79","Increasing"
"Ghana","79","Increasing"
"Republic of Korea","79","Increasing"
"Republic of Korea","79","Increasing"
"Ecuador","79","Increasing"
"Mali","79","Increasing"
"Ukraine","79","Increasing"
"Malaysia","79","Increasing"
"Rwanda","79","Increasing"
"Malaysia","79","Increasing"
"Dominican Republic","79","Increasing"
"Rwanda","80","Increasing"
"Mali","80","Increasing"
"China","80","Increasing"
"Lithuania","80","Increasing"
"Republic of Korea","81","Increasing"
"Algeria","81","Increasing"
"Algeria","81","Increasing"
"Niue","81","Increasing"
"Brazil","81","Increasing"
"Marshall Islands","81","Increasing"
"Lithuania","82","Increasing"
"Belarus","82","Increasing"
"Maldives","82","Increasing"
"Bosnia and Herzegovina","82","Increasing"
"Rwanda","82","Increasing"
"Algeria","83","Increasing"
"Bosnia and Herzegovina","83","Increasing"
"Malaysia","83","Increasing"
"Vanuatu","83","Increasing"
"Burkina Faso","84","Increasing"
"Republic of Korea","84","Increasing"
"Latvia","84","Increasing"
"Bosnia and Herzegovina","84","Increasing"
"Tajikistan","84","Increasing"
"Equatorial Guinea","84","Increasing"
"Bosnia and Herzegovina","85","Increasing"
"Azerbaijan","85","Increasing"
"Ghana","85","Increasing"
"Equatorial Guinea","85","Increasing"
"Burkina Faso","85","Increasing"
"Dominican Republic","85","Increasing"
"Algeria","85","Increasing"
"Equatorial Guinea","86","Increasing"
"Ukraine","86","Increasing"
"Suriname","86","Increasing"
"Burkina Faso","86","Increasing"
"Rwanda","86","Increasing"
"Vanuatu","86","Increasing"
"Algeria","87","Increasing"
"Romania","87","Increasing"
"Equatorial Guinea","87","Increasing"
"Bosnia and Herzegovina","88","Increasing"
"Malaysia","88","Increasing"
"Bosnia and Herzegovina","88","Increasing"
"Guyana","88","Increasing"
"Guyana","88","Increasing"
"Rwanda","88","Increasing"
"Suriname","88","Increasing"
"Wallis and Futuna Islands","88","Increasing"
"Algeria","88","Increasing"
"Vanuatu","88","Increasing"
"Republic of Korea","88","Increasing"
"Guyana","88","Increasing"
"Algeria","89","Increasing"
"Dominican Republic","89","Increasing"
"Benin","89","Increasing"
"Russian Federation","89","Increasing"
"Algeria","89","Increasing"
"Rwanda","89","Increasing"
"Guyana","89","Increasing"
"Northern Mariana Islands","89","Increasing"
"Suriname","90","Increasing"
"Guyana","90","Increasing"
"Algeria","90","Increasing"
"Turks and Caicos Islands","91","Increasing"
"Equatorial Guinea","91","Increasing"
"Sao Tome and Principe","91","Increasing"
"Honduras","91","Increasing"
"Northern Mariana Islands","92","Increasing"
"Maldives","92","Increasing"
"China","92","Increasing"
"Dominican Republic","92","Increasing"
"Suriname","92","Increasing"
"Turkmenistan","92","Increasing"
"Solomon Islands","92","Increasing"
"Suriname","93","Increasing"
"New Caledonia","93","Increasing"
"Republic of Korea","93","Increasing"
"Guyana","93","Increasing"
"Uzbekistan","93","Increasing"
"Palau","93","Increasing"
"Lithuania","93","Increasing"
"Republic of Korea","93","Increasing"
"China","93","Increasing"
"Rwanda","93","Increasing"
"Russian Federation","93","Increasing"
"Sao Tome and Principe","94","Increasing"
"Rwanda","94","Increasing"
"Romania","94","Increasing"
"Equatorial Guinea","94","Increasing"
"Malaysia","94","Increasing"
"Bosnia and Herzegovina","94","Increasing"
"Suriname","94","Increasing"
"Eritrea","95","Increasing"
"Azerbaijan","95","Increasing"
"Vanuatu","95","Increasing"
"Yemen","95","Increasing"
"China","95","Increasing"
"Bosnia and Herzegovina","95","Increasing"
"Kyrgyzstan","95","Increasing"
"Dominican Republic","96","Increasing"
"Russian Federation","96","Increasing"
"Rwanda","96","Increasing"
"Lithuania","96","Increasing"
"Sao Tome and Principe","96","Increasing"
"Chad","96","Increasing"
"Uzbekistan","96","Increasing"
"Ukraine","96","Increasing"
"Guyana","96","Increasing"
"Republic of Korea","97","Increasing"
"Solomon Islands","97","Increasing"
"Republic of Korea","97","Increasing"
"Ecuador","97","Increasing"
"Lithuania","97","Increasing"
"Eritrea","97","Increasing"
"Northern Mariana Islands","97","Increasing"
"Sao Tome and Principe","98","Increasing"
"Rwanda","98","Increasing"
"New Caledonia","98","Increasing"
"Tajikistan","98","Increasing"
"Marshall Islands","98","Increasing"
"Uzbekistan","99","Increasing"
"Malaysia","99","Increasing"
"Ghana","99","Increasing"
"Morocco","99","Increasing"
"Sao Tome and Principe","99","Increasing"
"Morocco","99","Increasing"
"Lithuania","100","Increasing"
"Honduras","100","Increasing"
"Morocco","100","Increasing"
"Rwanda","100","Increasing"
"Rwanda","100","Increasing"
"Republic of Korea","100","Increasing"
"Dominican Republic","100","Increasing"
"Morocco","100","Increasing"
"Guyana","100","Increasing"
"Tajikistan","100","Increasing"
"Eritrea","100","Increasing"
"Ukraine","101","Increasing"
"Republic of Korea","101","Increasing"
"Rwanda","101","Increasing"
"Rwanda","101","Increasing"
"Morocco","101","Increasing"
"Republic of Korea","101","Increasing"
"Uzbekistan","102","Increasing"
"Northern Mariana Islands","102","Increasing"
"Rwanda","102","Increasing"
"Lithuania","102","Increasing"
"China","102","Increasing"
"Republic of Korea","102","Increasing"
"Morocco","102","Increasing"
"Ecuador","102","Increasing"
"Equatorial Guinea","102","Increasing"
"Latvia","102","Increasing"
"Niger","102","Increasing"
"Morocco","103","Increasing"
"Republic of Korea","103","Increasing"
"Guyana","103","Increasing"
"Republic of Korea","103","Increasing"
"Sao Tome and Principe","103","Increasing"
"Turkmenistan","103","Increasing"
"Lithuania","103","Increasing"
"Lithuania","103","Increasing"
"Dominican Republic","104","Increasing"
"Niue","104","Increasing"
"Kazakhstan","104","Increasing"
"Republic of Korea","104","Increasing"
"Russian Federation","104","Increasing"
"Morocco","104","Increasing"
"Morocco","104","Increasing"
"Ghana","105","Increasing"
"Russian Federation","105","Increasing"
"Uzbekistan","105","Increasing"
"Equatorial Guinea","107","Increasing"
"Turkmenistan","107","Increasing"
"Palau","107","Increasing"
"Eritrea","107","Increasing"
"Chad","107","Increasing"
"Sao Tome and Principe","107","Increasing"
"Northern Mariana Islands","107","Increasing"
"Honduras","108","Increasing"
"Uzbekistan","108","Increasing"
"Niue","108","Increasing"
"Solomon Islands","108","Increasing"
"Morocco","108","Increasing"
"Dominican Republic","108","Increasing"
"Sudan","108","Increasing"
"Republic of Moldova","109","Increasing"
"Romania","109","Increasing"
"Guyana","109","Increasing"
"Azerbaijan","109","Increasing"
"Guyana","109","Increasing"
"Niger","109","Increasing"
"Sudan","110","Increasing"
"Yemen","110","Increasing"
"Cameroon","110","Increasing"
"Guyana","110","Increasing"
"Sao Tome and Principe","110","Increasing"
"Vanuatu","110","Increasing"
"Guyana","110","Increasing"
"Guyana","110","Increasing"
"Republic of Korea","111","Increasing"
"Ghana","112","Increasing"
"Dominican Republic","112","Increasing"
"China","113","Increasing"
"Honduras","113","Increasing"
"Uzbekistan","113","Increasing"
"Honduras","113","Increasing"
"Guyana","113","Increasing"
"Honduras","113","Increasing"
"Sao Tome and Principe","114","Increasing"
"Honduras","114","Increasing"
"Honduras","114","Increasing"
"Latvia","114","Increasing"
"Tajikistan","114","Increasing"
"Guyana","114","Increasing"
"Equatorial Guinea","114","Increasing"
"Chad","114","Increasing"
"Honduras","114","Increasing"
"Ukraine","114","Increasing"
"Honduras","114","Increasing"
"Solomon Islands","115","Increasing"
"Guyana","115","Increasing"
"Ukraine","115","Increasing"
"Guyana","115","Increasing"
"Mauritania","115","Increasing"
"Sao Tome and Principe","116","Increasing"
"Turkmenistan","116","Increasing"
"Latvia","116","Increasing"
"Romania","116","Increasing"
"Georgia","116","Increasing"
"Uzbekistan","117","Increasing"
"Dominican Republic","117","Increasing"
"Honduras","117","Increasing"
"China","117","Increasing"
"Ecuador","117","Increasing"
"Russian Federation","118","Increasing"
"Marshall Islands","118","Increasing"
"Republic of Moldova","118","Increasing"
"Uzbekistan","118","Increasing"
"Honduras","118","Increasing"
"Honduras","118","Increasing"
"Niger","118","Increasing"
"Sao Tome and Principe","118","Increasing"
"Russian Federation","119","Increasing"
"Ukraine","119","Increasing"
"Ghana","119","Increasing"
"Ukraine","119","Increasing"
"Thailand","119","Increasing"
"China","120","Increasing"
"Sao Tome and Principe","120","Increasing"
"Benin","120","Increasing"
"Mauritania","121","Increasing"
"Solomon Islands","121","Increasing"
"Eritrea","121","Increasing"
"Chad","121","Increasing"
"Dominican Republic","121","Increasing"
"Marshall Islands","122","Increasing"
"Wallis and Futuna Islands","122","Increasing"
"Maldives","122","Increasing"
"Georgia","122","Increasing"
"Niger","123","Increasing"
"Bolivia","123","Increasing"
"Ukraine","123","Increasing"
"Ecuador","123","Increasing"
"Cameroon","123","Increasing"
"Equatorial Guinea","123","Increasing"
"Republic of Korea","123","Increasing"
"Vanuatu","123","Increasing"
"Vanuatu","123","Increasing"
"China","124","Increasing"
"Peru","124","Increasing"
"Morocco","124","Increasing"
"Romania","124","Increasing"
"Ukraine","125","Increasing"
"Ghana","125","Increasing"
"Ukraine","126","Increasing"
"Dominican Republic","126","Increasing"
"Republic of Moldova","126","Increasing"
"Northern Mariana Islands","126","Increasing"
"Sao Tome and Principe","126","Increasing"
"Palau","127","Increasing"
"Thailand","127","Increasing"
"Thailand","127","Increasing"
"Latvia","127","Increasing"
"Georgia","127","Increasing"
"Benin","127","Increasing"
"Peru","127","Increasing"
"Thailand","127","Increasing"
"Bolivia","127","Increasing"
"Eritrea","127","Increasing"
"Solomon Islands","128","Increasing"
"Azerbaijan","128","Increasing"
"Sao Tome and Principe","128","Increasing"
"Tajikistan","128","Increasing"
"Maldives","128","Increasing"
"Yemen","128","Increasing"
"Chad","128","Increasing"
"Gambia","128","Increasing"
"Mauritania","128","Increasing"
"Greenland","128","Increasing"
"Peru","129","Increasing"
"Equatorial Guinea","129","Increasing"
"Ecuador","130","Increasing"
"China","130","Increasing"
"Marshall Islands","130","Increasing"
"Thailand","130","Increasing"
"Bolivia","131","Increasing"
"Sao Tome and Principe","131","Increasing"
"Morocco","131","Increasing"
"Marshall Islands","132","Increasing"
"Peru","132","Increasing"
"Thailand","132","Increasing"
"Dominican Republic","132","Increasing"
"Russian Federation","132","Increasing"
"Ghana","132","Increasing"
"Georgia","133","Increasing"
"Latvia","133","Increasing"
"Kyrgyzstan","133","Increasing"
"Sao Tome and Principe","133","Increasing"
"Eritrea","133","Increasing"
"Gambia","133","Increasing"
"Chad","134","Increasing"
"Republic of Moldova","134","Increasing"
"Thailand","134","Increasing"
"Latvia","135","Increasing"
"Palau","135","Increasing"
"China","135","Increasing"
"Sao Tome and Principe","135","Increasing"
"Senegal","136","Increasing"
"Palau","136","Increasing"
"Senegal","136","Increasing"
"Niger","136","Increasing"
"Senegal","136","Increasing"
"Senegal","136","Increasing"
"Sudan","136","Increasing"
"Yemen","136","Increasing"
"Russian Federation","136","Increasing"
"Senegal","137","Increasing"
"Yemen","137","Increasing"
"Nauru","137","Increasing"
"Thailand","137","Increasing"
"Senegal","137","Increasing"
"Thailand","138","Increasing"
"Senegal","138","Increasing"
"Peru","138","Increasing"
"Equatorial Guinea","138","Increasing"
"Russian Federation","138","Increasing"
"Sudan","138","Increasing"
"Yemen","138","Increasing"
"Bolivia","139","Increasing"
"Senegal","139","Increasing"
"Cameroon","139","Increasing"
"Yemen","139","Increasing"
"Romania","139","Increasing"
"Kazakhstan","139","Increasing"
"Morocco","139","Increasing"
"Senegal","139","Increasing"
"Kyrgyzstan","140","Increasing"
"Maldives","140","Increasing"
"Georgia","140","Increasing"
"Kenya","140","Increasing"
"Sudan","140","Increasing"
"Chad","140","Increasing"
"Equatorial Guinea","141","Increasing"
"Tajikistan","141","Increasing"
"Gambia","141","Increasing"
"Senegal","141","Increasing"
"Eritrea","141","Increasing"
"Senegal","142","Increasing"
"Dominican Republic","142","Increasing"
"Kenya","142","Increasing"
"Ecuador","143","Increasing"
"Cabo Verde","143","Increasing"
"Marshall Islands","143","Increasing"
"Niger","143","Increasing"
"Sudan","144","Increasing"
"Thailand","144","Increasing"
"Bolivia","144","Increasing"
"Viet Nam","144","Increasing"
"Marshall Islands","144","Increasing"
"Senegal","144","Increasing"
"Cabo Verde","144","Increasing"
"Equatorial Guinea","144","Increasing"
"Kyrgyzstan","145","Increasing"
"Cabo Verde","145","Increasing"
"Marshall Islands","146","Increasing"
"Maldives","146","Increasing"
"Kiribati","146","Increasing"
"South Sudan","146","Increasing"
"Kenya","146","Increasing"
"Turkmenistan","146","Increasing"
"South Sudan","146","Increasing"
"Peru","146","Increasing"
"South Sudan","146","Increasing"
"Morocco","147","Increasing"
"Cabo Verde","147","Increasing"
"Dominican Republic","147","Increasing"
"Senegal","147","Increasing"
"Senegal","147","Increasing"
"Viet Nam","147","Increasing"
"Bolivia","148","Increasing"
"Republic of Moldova","148","Increasing"
"Chad","149","Increasing"
"Sudan","149","Increasing"
"Eritrea","149","Increasing"
"Cabo Verde","149","Increasing"
"Georgia","149","Increasing"
"Marshall Islands","149","Increasing"
"Kyrgyzstan","150","Increasing"
"Senegal","150","Increasing"
"Republic of Korea","150","Increasing"
"Thailand","150","Increasing"
"Peru","150","Increasing"
"Chad","151","Increasing"
"Mauritania","151","Increasing"
"Niger","151","Increasing"
"Chad","151","Increasing"
"Chad","151","Increasing"
"Morocco","151","Increasing"
"Chad","151","Increasing"
"Cabo Verde","151","Increasing"
"Chad","151","Increasing"
"Senegal","151","Increasing"
"Chad","151","Increasing"
"Morocco","151","Increasing"
"Wallis and Futuna Islands","151","Increasing"
"Ecuador","151","Increasing"
"Chad","151","Increasing"
"Viet Nam","151","Increasing"
"Chad","151","Increasing"
"Cabo Verde","152","Increasing"
"Burundi","152","Increasing"
"Ghana","152","Increasing"
"Marshall Islands","152","Increasing"
"Chad","152","Increasing"
"Chad","152","Increasing"
"Kyrgyzstan","153","Increasing"
"Bolivia","153","Increasing"
"Senegal","153","Increasing"
"Thailand","154","Increasing"
"Azerbaijan","154","Increasing"
"Kenya","154","Increasing"
"Sudan","155","Increasing"
"Tajikistan","155","Increasing"
"Viet Nam","155","Increasing"
"Peru","155","Increasing"
"Senegal","155","Increasing"
"Gambia","155","Increasing"
"Malawi","156","Increasing"
"Ghana","156","Increasing"
"Cabo Verde","156","Increasing"
"Romania","157","Increasing"
"Sudan","157","Increasing"
"Kazakhstan","157","Increasing"
"Cabo Verde","157","Increasing"
"Thailand","157","Increasing"
"Ghana","157","Increasing"
"Turkmenistan","157","Increasing"
"Senegal","157","Increasing"
"Ecuador","158","Increasing"
"Senegal","158","Increasing"
"Solomon Islands","158","Increasing"
"Republic of Moldova","159","Increasing"
"Cameroon","159","Increasing"
"Viet Nam","159","Increasing"
"Cabo Verde","159","Increasing"
"Ghana","159","Increasing"
"Turkmenistan","160","Increasing"
"Cabo Verde","160","Increasing"
"Republic of Moldova","160","Increasing"
"Nepal","160","Increasing"
"Georgia","161","Increasing"
"Romania","161","Increasing"
"Nepal","162","Increasing"
"Ghana","162","Increasing"
"Republic of Moldova","162","Increasing"
"Republic of Moldova","162","Increasing"
"Nepal","163","Increasing"
"Nepal","163","Increasing"
"Thailand","163","Increasing"
"Nepal","163","Increasing"
"Nepal","163","Increasing"
"Sudan","163","Increasing"
"Nepal","163","Increasing"
"Nepal","163","Increasing"
"Nepal","163","Increasing"
"Nepal","163","Increasing"
"Nepal","163","Increasing"
"Nepal","163","Increasing"
"Nepal","163","Increasing"
"Nepal","163","Increasing"
"Thailand","163","Increasing"
"Nepal","163","Increasing"
"Nepal","163","Increasing"
"United Republic of Tanzania","164","Increasing"
"Nepal","164","Increasing"
"Gambia","164","Increasing"
"Republic of Korea","164","Increasing"
"Viet Nam","164","Increasing"
"Cabo Verde","165","Increasing"
"Sudan","165","Increasing"
"Kyrgyzstan","165","Increasing"
"Ghana","165","Increasing"
"Ecuador","166","Increasing"
"Cabo Verde","166","Increasing"
"Solomon Islands","166","Increasing"
"Uganda","166","Increasing"
"Ghana","167","Increasing"
"Romania","167","Increasing"
"Ghana","168","Increasing"
"Republic of Moldova","168","Increasing"
"Viet Nam","168","Increasing"
"Thailand","168","Increasing"
"Sudan","168","Increasing"
"Niger","168","Increasing"
"Cabo Verde","169","Increasing"
"Republic of Moldova","169","Increasing"
"Bhutan","169","Increasing"
"Thailand","169","Increasing"
"Northern Mariana Islands","170","Increasing"
"United Republic of Tanzania","170","Increasing"
"Greenland","170","Increasing"
"Côte d'Ivoire","170","Increasing"
"Turkmenistan","170","Increasing"
"Sudan","170","Increasing"
"Thailand","171","Increasing"
"Thailand","171","Increasing"
"Cabo Verde","171","Increasing"
"India","171","Increasing"
"Republic of Moldova","172","Increasing"
"Cabo Verde","172","Increasing"
"Republic of Moldova","173","Increasing"
"Kazakhstan","174","Increasing"
"Ecuador","174","Increasing"
"Malawi","174","Increasing"
"Cabo Verde","174","Increasing"
"United Republic of Tanzania","174","Increasing"
"Republic of Moldova","175","Increasing"
"Georgia","175","Increasing"
"Cabo Verde","175","Increasing"
"Turkmenistan","175","Increasing"
"Romania","175","Increasing"
"Peru","175","Increasing"
"Viet Nam","176","Increasing"
"India","176","Increasing"
"Republic of Moldova","176","Increasing"
"Palau","176","Increasing"
"Republic of Moldova","176","Increasing"
"Gambia","176","Increasing"
"Guinea","177","Increasing"
"Congo","177","Increasing"
"Côte d'Ivoire","178","Increasing"
"Tuvalu","178","Increasing"
"Niger","179","Increasing"
"Gambia","179","Increasing"
"Bolivia","179","Increasing"
"Kyrgyzstan","179","Increasing"
"India","180","Increasing"
"Gambia","180","Increasing"
"Mauritania","181","Increasing"
"Burundi","181","Increasing"
"United Republic of Tanzania","181","Increasing"
"Viet Nam","181","Increasing"
"Mongolia","181","Increasing"
"Wallis and Futuna Islands","182","Increasing"
"Cameroon","182","Increasing"
"Guinea","183","Increasing"
"Tajikistan","183","Increasing"
"Kazakhstan","183","Increasing"
"Gambia","183","Increasing"
"Bolivia","184","Increasing"
"Gambia","185","Increasing"
"Indonesia","185","Increasing"
"Solomon Islands","185","Increasing"
"India","185","Increasing"
"Viet Nam","185","Increasing"
"Peru","185","Increasing"
"Tajikistan","185","Increasing"
"Côte d'Ivoire","186","Increasing"
"Guinea","186","Increasing"
"Gambia","186","Increasing"
"Romania","186","Increasing"
"Kazakhstan","187","Increasing"
"Azerbaijan","187","Increasing"
"Indonesia","187","Increasing"
"Afghanistan","188","Increasing"
"United Republic of Tanzania","188","Increasing"
"Turkmenistan","188","Increasing"
"Micronesia (Federated States of)","188","Increasing"
"Congo","188","Increasing"
"Afghanistan","188","Increasing"
"Afghanistan","189","Increasing"
"Afghanistan","189","Increasing"
"Eritrea","189","Increasing"
"Afghanistan","189","Increasing"
"Afghanistan","189","Increasing"
"Afghanistan","189","Increasing"
"Viet Nam","189","Increasing"
"Gambia","189","Increasing"
"Afghanistan","189","Increasing"
"Kiribati","189","Increasing"
"Afghanistan","189","Increasing"
"Afghanistan","189","Increasing"
"Afghanistan","189","Increasing"
"Indonesia","189","Increasing"
"Gambia","189","Increasing"
"Afghanistan","189","Increasing"
"Afghanistan","189","Increasing"
"Afghanistan","190","Increasing"
"Guinea","190","Increasing"
"Afghanistan","190","Increasing"
"Romania","190","Increasing"
"Greenland","191","Increasing"
"Greenland","191","Increasing"
"Greenland","191","Increasing"
"Greenland","191","Increasing"
"Greenland","191","Increasing"
"Greenland","191","Increasing"
"Greenland","191","Increasing"
"Gambia","191","Increasing"
"Greenland","191","Increasing"
"India","191","Increasing"
"Indonesia","191","Increasing"
"Greenland","191","Increasing"
"Greenland","191","Increasing"
"Greenland","191","Increasing"
"Greenland","191","Increasing"
"Greenland","191","Increasing"
"Greenland","191","Increasing"
"Greenland","191","Increasing"
"Afghanistan","191","Increasing"
"Bhutan","192","Increasing"
"Viet Nam","192","Increasing"
"Georgia","192","Increasing"
"Turkmenistan","193","Increasing"
"Indonesia","193","Increasing"
"Greenland","194","Increasing"
"Micronesia (Federated States of)","194","Increasing"
"Kazakhstan","194","Increasing"
"Palau","195","Increasing"
"Guinea","195","Increasing"
"Kyrgyzstan","195","Increasing"
"Malawi","195","Increasing"
"Solomon Islands","195","Increasing"
"Indonesia","195","Increasing"
"Tajikistan","196","Increasing"
"Côte d'Ivoire","196","Increasing"
"Bolivia","196","Increasing"
"Viet Nam","197","Increasing"
"Lao People's Democratic Republic","197","Increasing"
"United Republic of Tanzania","197","Increasing"
"Eritrea","198","Increasing"
"Congo","198","Increasing"
"Indonesia","199","Increasing"
"Kazakhstan","199","Increasing"
"Liberia","199","Increasing"
"Turkmenistan","199","Increasing"
"Tajikistan","200","Increasing"
"Guinea","200","Increasing"
"Micronesia (Federated States of)","200","Increasing"
"Indonesia","201","Increasing"
"India","201","Increasing"
"Indonesia","202","Increasing"
"Turkmenistan","202","Increasing"
"Bolivia","202","Increasing"
"Liberia","202","Increasing"
"Kazakhstan","203","Increasing"
"Vanuatu","203","Increasing"
"Indonesia","203","Increasing"
"Niger","204","Increasing"
"Indonesia","204","Increasing"
"Indonesia","204","Increasing"
"Indonesia","204","Increasing"
"Lao People's Democratic Republic","204","Increasing"
"Indonesia","204","Increasing"
"Indonesia","205","Increasing"
"Indonesia","205","Increasing"
"Indonesia","205","Increasing"
"Viet Nam","205","Increasing"
"Mongolia","205","Increasing"
"Indonesia","205","Increasing"
"Indonesia","205","Increasing"
"Solomon Islands","205","Increasing"
"Indonesia","205","Increasing"
"India","205","Increasing"
"Cameroon","206","Increasing"
"Micronesia (Federated States of)","206","Increasing"
"Mauritania","206","Increasing"
"Bhutan","206","Increasing"
"Haiti","206","Increasing"
"Turkmenistan","206","Increasing"
"Guinea","206","Increasing"
"Eritrea","206","Increasing"
"United Republic of Tanzania","206","Increasing"
"Indonesia","206","Increasing"
"Tajikistan","207","Increasing"
"Angola","207","Increasing"
"Kyrgyzstan","208","Increasing"
"Peru","208","Increasing"
"Turkmenistan","208","Increasing"
"Viet Nam","209","Increasing"
"Bolivia","209","Increasing"
"Congo","209","Increasing"
"India","209","Increasing"
"Kyrgyzstan","210","Increasing"
"Kazakhstan","210","Increasing"
"Guinea","210","Increasing"
"Angola","210","Increasing"
"Georgia","210","Increasing"
"Tajikistan","211","Increasing"
"Burundi","211","Increasing"
"Micronesia (Federated States of)","212","Increasing"
"India","212","Increasing"
"Lao People's Democratic Republic","213","Increasing"
"Haiti","213","Increasing"
"Angola","213","Increasing"
"India","214","Increasing"
"Mongolia","214","Increasing"
"Guinea","214","Increasing"
"Viet Nam","214","Increasing"
"United Republic of Tanzania","215","Increasing"
"Eritrea","215","Increasing"
"Tajikistan","215","Increasing"
"India","216","Increasing"
"Solomon Islands","216","Increasing"
"India","216","Increasing"
"India","216","Increasing"
"India","216","Increasing"
"India","216","Increasing"
"India","216","Increasing"
"India","216","Increasing"
"India","217","Increasing"
"India","217","Increasing"
"India","217","Increasing"
"Tuvalu","217","Increasing"
"India","217","Increasing"
"India","217","Increasing"
"Malawi","218","Increasing"
"Côte d'Ivoire","219","Increasing"
"Viet Nam","219","Increasing"
"Micronesia (Federated States of)","219","Increasing"
"Peru","219","Increasing"
"Tajikistan","219","Increasing"
"Mauritania","220","Increasing"
"Bhutan","220","Increasing"
"Mongolia","220","Increasing"
"Liberia","220","Increasing"
"Tajikistan","220","Increasing"
"Haiti","220","Increasing"
"Lao People's Democratic Republic","221","Increasing"
"United Republic of Tanzania","222","Increasing"
"United Republic of Tanzania","222","Increasing"
"Tajikistan","222","Increasing"
"Bolivia","222","Increasing"
"Angola","222","Increasing"
"Eritrea","223","Increasing"
"United Republic of Tanzania","223","Increasing"
"Kazakhstan","223","Increasing"
"Kyrgyzstan","224","Increasing"
"Bangladesh","224","Increasing"
"Kyrgyzstan","224","Increasing"
"Bangladesh","224","Increasing"
"Mongolia","224","Increasing"
"Bangladesh","225","Increasing"
"Bangladesh","225","Increasing"
"Bangladesh","225","Increasing"
"Bangladesh","225","Increasing"
"Bangladesh","225","Increasing"
"Liberia","225","Increasing"
"Bangladesh","225","Increasing"
"Bangladesh","225","Increasing"
"Mongolia","225","Increasing"
"Bangladesh","225","Increasing"
"Bangladesh","225","Increasing"
"Bangladesh","225","Increasing"
"Bangladesh","225","Increasing"
"Bangladesh","225","Increasing"
"Bangladesh","225","Increasing"
"United Republic of Tanzania","225","Increasing"
"Bangladesh","225","Increasing"
"Bangladesh","225","Increasing"
"Bangladesh","226","Increasing"
"Micronesia (Federated States of)","226","Increasing"
"Mongolia","226","Increasing"
"Angola","226","Increasing"
"United Republic of Tanzania","226","Increasing"
"Uganda","226","Increasing"
"United Republic of Tanzania","228","Increasing"
"Tuvalu","228","Increasing"
"Solomon Islands","228","Increasing"
"Georgia","228","Increasing"
"United Republic of Tanzania","229","Increasing"
"Burundi","229","Increasing"
"Tuvalu","229","Increasing"
"Azerbaijan","229","Increasing"
"Liberia","229","Increasing"
"Bolivia","229","Increasing"
"Haiti","229","Increasing"
"Burundi","230","Increasing"
"Lao People's Democratic Republic","230","Increasing"
"Gabon","230","Increasing"
"Tuvalu","230","Increasing"
"Cameroon","230","Increasing"
"Peru","230","Increasing"
"Mongolia","230","Increasing"
"Kazakhstan","231","Increasing"
"Angola","231","Increasing"
"Eritrea","232","Increasing"
"Greenland","232","Increasing"
"Micronesia (Federated States of)","232","Increasing"
"Guinea","233","Increasing"
"Côte d'Ivoire","233","Increasing"
"United Republic of Tanzania","233","Increasing"
"Mongolia","233","Increasing"
"Liberia","233","Increasing"
"Madagascar","233","Increasing"
"United Republic of Tanzania","234","Increasing"
"Kenya","234","Increasing"
"Kyrgyzstan","235","Increasing"
"Cameroon","235","Increasing"
"Niger","235","Increasing"
"Angola","236","Increasing"
"Madagascar","236","Increasing"
"Bolivia","236","Increasing"
"Liberia","236","Increasing"
"Viet Nam","238","Increasing"
"Haiti","238","Increasing"
"Guinea","238","Increasing"
"United Republic of Tanzania","238","Increasing"
"Madagascar","238","Increasing"
"Peru","239","Increasing"
"Congo","239","Increasing"
"Ethiopia","239","Increasing"
"Lao People's Democratic Republic","240","Increasing"
"Solomon Islands","240","Increasing"
"Liberia","240","Increasing"
"Madagascar","241","Increasing"
"Tuvalu","241","Increasing"
"Cameroon","242","Increasing"
"Eritrea","242","Increasing"
"Kyrgyzstan","243","Increasing"
"Malawi","243","Increasing"
"Uganda","243","Increasing"
"Guinea","243","Increasing"
"Georgia","243","Increasing"
"Madagascar","244","Increasing"
"Kyrgyzstan","244","Increasing"
"Peru","244","Increasing"
"Bolivia","244","Increasing"
"Mongolia","245","Increasing"
"Haiti","245","Increasing"
"Angola","245","Increasing"
"Kyrgyzstan","246","Increasing"
"Côte d'Ivoire","246","Increasing"
"Peru","246","Increasing"
"Kazakhstan","246","Increasing"
"Peru","247","Increasing"
"Gabon","247","Increasing"
"Peru","247","Increasing"
"Haiti","247","Increasing"
"Micronesia (Federated States of)","247","Increasing"
"Peru","248","Increasing"
"Haiti","249","Increasing"
"Guinea","249","Increasing"
"Côte d'Ivoire","249","Increasing"
"Haiti","249","Increasing"
"Haiti","250","Increasing"
"Guinea","250","Increasing"
"Angola","250","Increasing"
"Burundi","250","Increasing"
"Guinea","250","Increasing"
"Liberia","250","Increasing"
"Mauritania","250","Increasing"
"Guinea","251","Increasing"
"Cameroon","251","Increasing"
"Bhutan","251","Increasing"
"Viet Nam","251","Increasing"
"Bolivia","251","Increasing"
"Guinea","251","Increasing"
"Madagascar","252","Increasing"
"Sierra Leone","252","Increasing"
"Mongolia","253","Increasing"
"Ethiopia","253","Increasing"
"Haiti","253","Increasing"
"Solomon Islands","253","Increasing"
"Niue","254","Increasing"
"Cameroon","254","Increasing"
"Micronesia (Federated States of)","255","Increasing"
"Guinea-Bissau","255","Increasing"
"Sierra Leone","256","Increasing"
"Guinea-Bissau","257","Increasing"
"Haiti","257","Increasing"
"Madagascar","257","Increasing"
"Swaziland","259","Increasing"
"Congo","260","Increasing"
"Kenya","260","Increasing"
"Lao People's Democratic Republic","260","Increasing"
"Cameroon","260","Increasing"
"Guinea-Bissau","260","Increasing"
"Angola","260","Increasing"
"Georgia","260","Increasing"
"Gabon","261","Increasing"
"Madagascar","262","Increasing"
"Nigeria","262","Increasing"
"Sierra Leone","262","Increasing"
"Liberia","262","Increasing"
"Uganda","262","Increasing"
"Swaziland","262","Increasing"
"Georgia","263","Increasing"
"Georgia","263","Increasing"
"Georgia","263","Increasing"
"Micronesia (Federated States of)","263","Increasing"
"Mongolia","263","Increasing"
"Georgia","264","Increasing"
"Guinea-Bissau","264","Increasing"
"Angola","265","Increasing"
"Mauritania","265","Increasing"
"Haiti","265","Increasing"
"Burundi","265","Increasing"
"Haiti","266","Increasing"
"Solomon Islands","267","Increasing"
"Nigeria","267","Increasing"
"Côte d'Ivoire","267","Increasing"
"Marshall Islands","267","Increasing"
"Liberia","267","Increasing"
"Kiribati","268","Increasing"
"Ethiopia","268","Increasing"
"Bhutan","268","Increasing"
"Madagascar","268","Increasing"
"Kenya","268","Increasing"
"Georgia","269","Increasing"
"Guinea-Bissau","269","Increasing"
"Lao People's Democratic Republic","270","Increasing"
"Malawi","270","Increasing"
"Haiti","270","Increasing"
"Burundi","270","Increasing"
"Angola","270","Increasing"
"Cameroon","271","Increasing"
"Niger","271","Increasing"
"Micronesia (Federated States of)","271","Increasing"
"Nigeria","272","Increasing"
"Haiti","272","Increasing"
"Liberia","272","Increasing"
"Côte d'Ivoire","273","Increasing"
"Guinea-Bissau","273","Increasing"
"Madagascar","273","Increasing"
"Georgia","273","Increasing"
"Mongolia","273","Increasing"
"Haiti","274","Increasing"
"Pakistan","275","Increasing"
"Pakistan","275","Increasing"
"Pakistan","275","Increasing"
"Swaziland","275","Increasing"
"Kazakhstan","275","Increasing"
"Pakistan","275","Increasing"
"Angola","275","Increasing"
"Pakistan","275","Increasing"
"Pakistan","275","Increasing"
"Pakistan","275","Increasing"
"Pakistan","276","Increasing"
"Pakistan","276","Increasing"
"Pakistan","276","Increasing"
"Pakistan","276","Increasing"
"Pakistan","276","Increasing"
"Pakistan","276","Increasing"
"Pakistan","276","Increasing"
"Sierra Leone","276","Increasing"
"Pakistan","276","Increasing"
"Haiti","276","Increasing"
"Pakistan","276","Increasing"
"Pakistan","276","Increasing"
"Pakistan","276","Increasing"
"Cameroon","276","Increasing"
"Pakistan","276","Increasing"
"Pakistan","276","Increasing"
"Kenya","277","Increasing"
"Haiti","277","Increasing"
"Liberia","277","Increasing"
"Pakistan","277","Increasing"
"Kazakhstan","278","Increasing"
"Georgia","278","Increasing"
"Nigeria","278","Increasing"
"Micronesia (Federated States of)","279","Increasing"
"Azerbaijan","279","Increasing"
"Tuvalu","279","Increasing"
"Madagascar","280","Increasing"
"Gabon","280","Increasing"
"Palau","281","Increasing"
"Solomon Islands","281","Increasing"
"Marshall Islands","281","Increasing"
"Angola","281","Increasing"
"Ethiopia","282","Increasing"
"Uganda","282","Increasing"
"Liberia","282","Increasing"
"Swaziland","282","Increasing"
"Lao People's Democratic Republic","282","Increasing"
"Cameroon","282","Increasing"
"Sierra Leone","282","Increasing"
"Guinea-Bissau","283","Increasing"
"Congo","283","Increasing"
"Somalia","285","Increasing"
"Somalia","285","Increasing"
"Somalia","285","Increasing"
"Somalia","285","Increasing"
"Nigeria","285","Increasing"
"Somalia","285","Increasing"
"Somalia","285","Increasing"
"Somalia","285","Increasing"
"Somalia","285","Increasing"
"Somalia","285","Increasing"
"Somalia","285","Increasing"
"Somalia","285","Increasing"
"Somalia","286","Increasing"
"Somalia","286","Increasing"
"Somalia","286","Increasing"
"Mongolia","286","Increasing"
"Somalia","286","Increasing"
"Somalia","286","Increasing"
"Kenya","286","Increasing"
"Madagascar","286","Increasing"
"Somalia","286","Increasing"
"Somalia","286","Increasing"
"Somalia","286","Increasing"
"Somalia","286","Increasing"
"Bhutan","287","Increasing"
"Sierra Leone","287","Increasing"
"Angola","287","Increasing"
"Kenya","287","Increasing"
"Micronesia (Federated States of)","288","Increasing"
"Guinea-Bissau","288","Increasing"
"Liberia","288","Increasing"
"South Africa","289","Increasing"
"Niger","290","Increasing"
"South Africa","290","Increasing"
"Tuvalu","291","Increasing"
"Cameroon","292","Increasing"
"Sierra Leone","292","Increasing"
"Philippines","292","Increasing"
"Angola","292","Increasing"
"Lao People's Democratic Republic","293","Increasing"
"Nigeria","293","Increasing"
"Liberia","293","Increasing"
"Cameroon","295","Increasing"
"Mauritania","296","Increasing"
"Guinea-Bissau","296","Increasing"
"Solomon Islands","296","Increasing"
"Burundi","296","Increasing"
"Ethiopia","296","Increasing"
"Malawi","297","Increasing"
"Sierra Leone","297","Increasing"
"Micronesia (Federated States of)","297","Increasing"
"Philippines","297","Increasing"
"Angola","298","Increasing"
"Kenya","299","Increasing"
"Liberia","299","Increasing"
"Marshall Islands","299","Increasing"
"Mongolia","299","Increasing"
"Madagascar","300","Increasing"
"Nigeria","301","Increasing"
"Sierra Leone","301","Increasing"
"South Africa","302","Increasing"
"Zimbabwe","302","Increasing"
"Cameroon","303","Increasing"
"Tuvalu","303","Increasing"
"Côte d'Ivoire","303","Increasing"
"Liberia","304","Increasing"
"Angola","304","Increasing"
"Uganda","304","Increasing"
"Lao People's Democratic Republic","305","Increasing"
"Guinea-Bissau","305","Increasing"
"Sierra Leone","305","Increasing"
"Micronesia (Federated States of)","306","Increasing"
"Lesotho","306","Increasing"
"Kazakhstan","307","Increasing"
"Bhutan","307","Increasing"
"Gabon","307","Increasing"
"Liberia","308","Increasing"
"Madagascar","308","Increasing"
"Burundi","308","Increasing"
"Congo","308","Increasing"
"Papua New Guinea","308","Increasing"
"Philippines","308","Increasing"
"Côte d'Ivoire","309","Increasing"
"South Africa","309","Increasing"
"Papua New Guinea","309","Increasing"
"Sierra Leone","309","Increasing"
"Nigeria","310","Increasing"
"Angola","310","Increasing"
"Niger","310","Increasing"
"Ethiopia","310","Increasing"
"Kenya","311","Increasing"
"Cameroon","311","Increasing"
"Solomon Islands","312","Increasing"
"Mauritania","312","Increasing"
"Sierra Leone","313","Increasing"
"South Africa","313","Increasing"
"Sierra Leone","313","Increasing"
"Kenya","314","Increasing"
"Sierra Leone","314","Increasing"
"Mongolia","314","Increasing"
"Micronesia (Federated States of)","315","Increasing"
"Papua New Guinea","316","Increasing"
"Madagascar","316","Increasing"
"Angola","316","Increasing"
"Tuvalu","316","Increasing"
"Sierra Leone","316","Increasing"
"Sierra Leone","316","Increasing"
"Guinea-Bissau","317","Increasing"
"Lesotho","317","Increasing"
"Lao People's Democratic Republic","317","Increasing"
"Sierra Leone","317","Increasing"
"Sierra Leone","318","Increasing"
"Nigeria","318","Increasing"
"Cameroon","318","Increasing"
"Sierra Leone","318","Increasing"
"Sierra Leone","318","Increasing"
"Azerbaijan","319","Increasing"
"Philippines","319","Increasing"
"Kazakhstan","319","Increasing"
"Angola","320","Increasing"
"Cameroon","321","Increasing"
"Papua New Guinea","321","Increasing"
"Cameroon","321","Increasing"
"Burundi","322","Increasing"
"Madagascar","325","Increasing"
"Nigeria","325","Increasing"
"Ethiopia","325","Increasing"
"Micronesia (Federated States of)","325","Increasing"
"Philippines","325","Increasing"
"Uganda","326","Increasing"
"Swaziland","326","Increasing"
"Democratic Republic of the Congo","326","Increasing"
"Democratic Republic of the Congo","326","Increasing"
"Democratic Republic of the Congo","326","Increasing"
"Democratic Republic of the Congo","326","Increasing"
"Democratic Republic of the Congo","327","Increasing"
"Democratic Republic of the Congo","327","Increasing"
"Democratic Republic of the Congo","327","Increasing"
"Democratic Republic of the Congo","327","Increasing"
"Democratic Republic of the Congo","327","Increasing"
"Democratic Republic of the Congo","327","Increasing"
"Democratic Republic of the Congo","327","Increasing"
"Democratic Republic of the Congo","327","Increasing"
"Democratic Republic of the Congo","327","Increasing"
"Democratic Republic of the Congo","327","Increasing"
"Democratic Republic of the Congo","327","Increasing"
"Democratic Republic of the Congo","327","Increasing"
"Democratic Republic of the Congo","327","Increasing"
"Democratic Republic of the Congo","327","Increasing"
"Democratic Republic of the Congo","327","Increasing"
"Democratic Republic of the Congo","327","Increasing"
"Democratic Republic of the Congo","327","Increasing"
"Democratic Republic of the Congo","327","Increasing"
"Democratic Republic of the Congo","328","Increasing"
"Bhutan","329","Increasing"
"Burundi","329","Increasing"
"Niger","329","Increasing"
"Mongolia","330","Increasing"
"Côte d'Ivoire","330","Increasing"
"Burundi","330","Increasing"
"Guinea-Bissau","330","Increasing"
"Mauritania","330","Increasing"
"Lao People's Democratic Republic","330","Increasing"
"Kenya","330","Increasing"
"Philippines","331","Increasing"
"Marshall Islands","331","Increasing"
"Papua New Guinea","332","Increasing"
"Kiribati","332","Increasing"
"Kenya","332","Increasing"
"Congo","332","Increasing"
"South Africa","333","Increasing"
"Lesotho","333","Increasing"
"Côte d'Ivoire","333","Increasing"
"Marshall Islands","334","Increasing"
"Malawi","335","Increasing"
"Micronesia (Federated States of)","335","Increasing"
"Madagascar","335","Increasing"
"Nigeria","336","Increasing"
"Marshall Islands","337","Increasing"
"Philippines","337","Increasing"
"Papua New Guinea","338","Increasing"
"Nigeria","338","Increasing"
"Nigeria","339","Increasing"
"Nigeria","339","Increasing"
"Nigeria","339","Increasing"
"Nigeria","339","Increasing"
"Nigeria","340","Increasing"
"Guinea-Bissau","342","Increasing"
"Kiribati","342","Increasing"
"Nigeria","342","Increasing"
"Nigeria","342","Increasing"
"Lao People's Democratic Republic","343","Increasing"
"Nigeria","343","Increasing"
"Tuvalu","343","Increasing"
"Philippines","343","Increasing"
"Gabon","344","Increasing"
"Papua New Guinea","344","Increasing"
"Kenya","344","Increasing"
"Marshall Islands","345","Increasing"
"Papua New Guinea","346","Increasing"
"Papua New Guinea","346","Increasing"
"Madagascar","346","Increasing"
"Papua New Guinea","346","Increasing"
"Micronesia (Federated States of)","346","Increasing"
"Niger","347","Increasing"
"Papua New Guinea","347","Increasing"
"Papua New Guinea","347","Increasing"
"Kenya","348","Increasing"
"Mongolia","348","Increasing"
"Papua New Guinea","348","Increasing"
"Philippines","349","Increasing"
"Papua New Guinea","349","Increasing"
"Mauritania","349","Increasing"
"Kazakhstan","349","Increasing"
"Uganda","350","Increasing"
"Côte d'Ivoire","350","Increasing"
"Papua New Guinea","351","Increasing"
"Papua New Guinea","352","Increasing"
"Malawi","353","Increasing"
"Bhutan","353","Increasing"
"Guinea-Bissau","353","Increasing"
"Papua New Guinea","353","Increasing"
"Marshall Islands","354","Increasing"
"Papua New Guinea","355","Increasing"
"Philippines","355","Increasing"
"Papua New Guinea","355","Increasing"
"Kenya","355","Increasing"
"Congo","356","Increasing"
"Papua New Guinea","356","Increasing"
"Papua New Guinea","356","Increasing"
"Lao People's Democratic Republic","357","Increasing"
"Malawi","357","Increasing"
"Madagascar","358","Increasing"
"Kenya","358","Increasing"
"Ethiopia","358","Increasing"
"Central African Republic","359","Increasing"
"Côte d'Ivoire","360","Increasing"
"Zimbabwe","360","Increasing"
"Guinea-Bissau","361","Increasing"
"Kiribati","361","Increasing"
"Kenya","361","Increasing"
"Philippines","362","Increasing"
"Lesotho","362","Increasing"
"Kazakhstan","362","Increasing"
"Niger","363","Increasing"
"Mongolia","365","Increasing"
"Kiribati","366","Increasing"
"Guinea-Bissau","366","Increasing"
"Guinea-Bissau","367","Increasing"
"Côte d'Ivoire","367","Increasing"
"Micronesia (Federated States of)","367","Increasing"
"Philippines","368","Increasing"
"Guinea-Bissau","368","Increasing"
"Kazakhstan","369","Increasing"
"Mauritania","369","Increasing"
"Ethiopia","369","Increasing"
"Guinea-Bissau","369","Increasing"
"Tuvalu","372","Increasing"
"Guinea-Bissau","372","Increasing"
"Kiribati","372","Increasing"
"Lao People's Democratic Republic","372","Increasing"
"Myanmar","373","Increasing"
"Uganda","375","Increasing"
"Namibia","375","Increasing"
"Philippines","375","Increasing"
"Ethiopia","376","Increasing"
"Myanmar","376","Increasing"
"Guinea-Bissau","376","Increasing"
"Ethiopia","377","Increasing"
"Bhutan","377","Increasing"
"Kazakhstan","378","Increasing"
"Central African Republic","378","Increasing"
"Marshall Islands","379","Increasing"
"Congo","379","Increasing"
"South Africa","379","Increasing"
"Micronesia (Federated States of)","379","Increasing"
"Côte d'Ivoire","379","Increasing"
"Malawi","380","Increasing"
"Côte d'Ivoire","381","Increasing"
"Guinea-Bissau","382","Increasing"
"Congo","382","Increasing"
"Philippines","382","Increasing"
"Congo","382","Increasing"
"Madagascar","382","Increasing"
"Democratic People's Republic of Korea","383","Increasing"
"Democratic People's Republic of Korea","383","Increasing"
"Democratic People's Republic of Korea","383","Increasing"
"Democratic People's Republic of Korea","383","Increasing"
"Democratic People's Republic of Korea","383","Increasing"
"Democratic People's Republic of Korea","383","Increasing"
"Democratic People's Republic of Korea","383","Increasing"
"Democratic People's Republic of Korea","383","Increasing"
"Democratic People's Republic of Korea","383","Increasing"
"Congo","383","Increasing"
"Democratic People's Republic of Korea","383","Increasing"
"Democratic People's Republic of Korea","383","Increasing"
"Democratic People's Republic of Korea","383","Increasing"
"Democratic People's Republic of Korea","383","Increasing"
"Democratic People's Republic of Korea","383","Increasing"
"Democratic People's Republic of Korea","383","Increasing"
"Democratic People's Republic of Korea","383","Increasing"
"Democratic People's Republic of Korea","384","Increasing"
"Azerbaijan","384","Increasing"
"Mongolia","384","Increasing"
"Democratic People's Republic of Korea","384","Increasing"
"Myanmar","384","Increasing"
"Democratic People's Republic of Korea","386","Increasing"
"Congo","386","Increasing"
"Gabon","386","Increasing"
"Malawi","386","Increasing"
"Lao People's Democratic Republic","387","Increasing"
"Guinea-Bissau","387","Increasing"
"Namibia","387","Increasing"
"Ethiopia","387","Increasing"
"Tuvalu","387","Increasing"
"Democratic People's Republic of Korea","389","Increasing"
"Kiribati","389","Increasing"
"Philippines","389","Increasing"
"Namibia","389","Increasing"
"Côte d'Ivoire","390","Increasing"
"Mauritania","390","Increasing"
"Côte d'Ivoire","391","Increasing"
"Myanmar","392","Increasing"
"Madagascar","393","Increasing"
"Congo","393","Increasing"
"Ethiopia","393","Increasing"
"Kiribati","393","Increasing"
"Côte d'Ivoire","394","Increasing"
"Myanmar","395","Increasing"
"Democratic People's Republic of Korea","396","Increasing"
"Zimbabwe","396","Increasing"
"Myanmar","396","Increasing"
"Myanmar","396","Increasing"
"Philippines","396","Increasing"
"Myanmar","397","Increasing"
"Ethiopia","398","Increasing"
"Swaziland","399","Increasing"
"Myanmar","399","Increasing"
"Cambodia","400","Increasing"
"Uganda","401","Increasing"
"Central African Republic","402","Increasing"
"Myanmar","402","Increasing"
"Bhutan","402","Increasing"
"Congo","403","Increasing"
"Tuvalu","403","Increasing"
"Lao People's Democratic Republic","403","Increasing"
"Mongolia","403","Increasing"
"Myanmar","403","Increasing"
"Mozambique","403","Increasing"
"Philippines","403","Increasing"
"Myanmar","404","Increasing"
"Namibia","404","Increasing"
"Democratic People's Republic of Korea","405","Increasing"
"Malawi","405","Increasing"
"Myanmar","406","Increasing"
"Lesotho","406","Increasing"
"Myanmar","407","Increasing"
"Myanmar","408","Increasing"
"Myanmar","409","Increasing"
"Ethiopia","409","Increasing"
"Ethiopia","409","Increasing"
"Philippines","410","Increasing"
"Myanmar","410","Increasing"
"Myanmar","410","Increasing"
"Zambia","410","Increasing"
"Cambodia","411","Increasing"
"Myanmar","411","Increasing"
"Myanmar","411","Increasing"
"Myanmar","411","Increasing"
"Azerbaijan","412","Increasing"
"Mauritania","412","Increasing"
"Congo","413","Increasing"
"Congo","413","Increasing"
"Botswana","414","Increasing"
"Democratic People's Republic of Korea","417","Increasing"
"Malawi","417","Increasing"
"Philippines","418","Increasing"
"Ethiopia","418","Increasing"
"Mozambique","419","Increasing"
"Lao People's Democratic Republic","420","Increasing"
"Tuvalu","420","Increasing"
"Ethiopia","421","Increasing"
"Congo","422","Increasing"
"Congo","423","Increasing"
"Gabon","423","Increasing"
"Cambodia","423","Increasing"
"Philippines","425","Increasing"
"Ethiopia","426","Increasing"
"Zambia","427","Increasing"
"Malawi","427","Increasing"
"Uganda","427","Increasing"
"Bhutan","428","Increasing"
"Democratic People's Republic of Korea","429","Increasing"
"Ethiopia","429","Increasing"
"Kiribati","429","Increasing"
"Ethiopia","431","Increasing"
"Central African Republic","431","Increasing"
"Gabon","431","Increasing"
"Kiribati","432","Increasing"
"Ethiopia","432","Increasing"
"Philippines","433","Increasing"
"Mauritania","434","Increasing"
"Gabon","436","Increasing"
"Cambodia","436","Increasing"
"Mozambique","436","Increasing"
"Lao People's Democratic Republic","437","Increasing"
"Tuvalu","437","Increasing"
"Zimbabwe","437","Increasing"
"South Africa","439","Increasing"
"Philippines","441","Increasing"
"Kiribati","442","Increasing"
"Kiribati","443","Increasing"
"Zambia","445","Increasing"
"Botswana","445","Increasing"
"Namibia","445","Increasing"
"Malawi","446","Increasing"
"Kiribati","447","Increasing"
"Malawi","447","Increasing"
"Kiribati","448","Increasing"
"Cambodia","450","Increasing"
"Mozambique","451","Increasing"
"Uganda","452","Increasing"
"Azerbaijan","453","Increasing"
"Gabon","453","Increasing"
"Lao People's Democratic Republic","455","Increasing"
"Tuvalu","456","Increasing"
"Bhutan","457","Increasing"
"Marshall Islands","460","Increasing"
"Zambia","463","Increasing"
"Malawi","463","Increasing"
"Mozambique","466","Increasing"
"Central African Republic","467","Increasing"
"Malawi","468","Increasing"
"Lesotho","471","Increasing"
"Gabon","473","Increasing"
"Lao People's Democratic Republic","473","Increasing"
"Malawi","475","Increasing"
"Gabon","475","Increasing"
"Uganda","477","Increasing"
"Mozambique","479","Increasing"
"Botswana","480","Increasing"
"Cambodia","480","Increasing"
"Malawi","481","Increasing"
"Zambia","482","Increasing"
"Zimbabwe","483","Increasing"
"Malawi","486","Increasing"
"Bhutan","488","Increasing"
"Kiribati","488","Increasing"
"Azerbaijan","489","Increasing"
"Mozambique","489","Increasing"
"Lao People's Democratic Republic","492","Increasing"
"Swaziland","492","Increasing"
"Cambodia","496","Increasing"
"Kiribati","497","Increasing"
"Timor-Leste","498","Increasing"
"Timor-Leste","498","Increasing"
"Timor-Leste","498","Increasing"
"Timor-Leste","498","Increasing"
"Timor-Leste","498","Increasing"
"Timor-Leste","498","Increasing"
"Timor-Leste","498","Increasing"
"Timor-Leste","498","Increasing"
"Timor-Leste","498","Increasing"
"Timor-Leste","498","Increasing"
"Mozambique","498","Increasing"
"Timor-Leste","498","Increasing"
"Timor-Leste","498","Increasing"
"Gabon","499","Increasing"
"Zambia","500","Increasing"
"Uganda","501","Increasing"
"Kiribati","505","Increasing"
"Mozambique","505","Increasing"
"South Africa","509","Increasing"
"Mozambique","510","Increasing"
"Central African Republic","511","Increasing"
"Cambodia","511","Increasing"
"Mozambique","513","Increasing"
"Kiribati","514","Increasing"
"Tuvalu","515","Increasing"
"Gabon","515","Increasing"
"Mozambique","517","Increasing"
"Mozambique","518","Increasing"
"Botswana","518","Increasing"
"Zambia","519","Increasing"
"Mozambique","520","Increasing"
"Azerbaijan","521","Increasing"
"Bhutan","523","Increasing"
"Uganda","523","Increasing"
"Mozambique","523","Increasing"
"Mozambique","526","Increasing"
"Gabon","526","Increasing"
"Cambodia","527","Increasing"
"Mozambique","531","Increasing"
"Zimbabwe","533","Increasing"
"Kiribati","534","Increasing"
"Tuvalu","536","Increasing"
"Mozambique","536","Increasing"
"Mozambique","540","Increasing"
"Zambia","540","Increasing"
"Cambodia","542","Increasing"
"Uganda","543","Increasing"
"Mozambique","545","Increasing"
"Botswana","545","Increasing"
"Mozambique","548","Increasing"
"Gabon","548","Increasing"
"Mozambique","551","Increasing"
"Zimbabwe","552","Increasing"
"Mozambique","552","Increasing"
"Gabon","553","Increasing"
"Cambodia","556","Increasing"
"Botswana","557","Increasing"
"Namibia","557","Increasing"
"Lesotho","558","Increasing"
"Central African Republic","561","Increasing"
"Uganda","561","Increasing"
"Bhutan","563","Increasing"
"Zambia","564","Increasing"
"Azerbaijan","564","Increasing"
"Cambodia","567","Increasing"
"Gabon","574","Increasing"
"Zimbabwe","575","Increasing"
"Cambodia","575","Increasing"
"Cambodia","575","Increasing"
"Cambodia","576","Increasing"
"Gabon","576","Increasing"
"Cambodia","576","Increasing"
"Cambodia","578","Increasing"
"Uganda","578","Increasing"
"Cambodia","578","Increasing"
"Cambodia","580","Increasing"
"Cambodia","580","Increasing"
"Cambodia","581","Increasing"
"Cambodia","581","Increasing"
"Cambodia","584","Increasing"
"Zimbabwe","584","Increasing"
"Azerbaijan","584","Increasing"
"South Africa","585","Increasing"
"Kiribati","587","Increasing"
"Gabon","590","Increasing"
"Zambia","591","Increasing"
"Gabon","592","Increasing"
"Uganda","593","Increasing"
"Swaziland","595","Increasing"
"Gabon","596","Increasing"
"Botswana","598","Increasing"
"Zimbabwe","602","Increasing"
"Bhutan","604","Increasing"
"Kiribati","605","Increasing"
"Botswana","608","Increasing"
"Uganda","609","Increasing"
"Djibouti","615","Increasing"
"Djibouti","617","Increasing"
"Djibouti","618","Increasing"
"Djibouti","619","Increasing"
"Djibouti","619","Increasing"
"Djibouti","619","Increasing"
"Djibouti","619","Increasing"
"Djibouti","619","Increasing"
"Djibouti","619","Increasing"
"Djibouti","619","Increasing"
"Djibouti","619","Increasing"
"Djibouti","620","Increasing"
"Djibouti","620","Increasing"
"Djibouti","620","Increasing"
"Djibouti","620","Increasing"
"Djibouti","620","Increasing"
"Central African Republic","620","Increasing"
"Djibouti","620","Increasing"
"Djibouti","620","Increasing"
"Zambia","620","Increasing"
"Djibouti","620","Increasing"
"Djibouti","620","Increasing"
"Djibouti","621","Increasing"
"Djibouti","621","Increasing"
"Djibouti","621","Increasing"
"Uganda","625","Increasing"
"Djibouti","626","Increasing"
"Azerbaijan","630","Increasing"
"Zimbabwe","635","Increasing"
"Azerbaijan","638","Increasing"
"Botswana","641","Increasing"
"Bhutan","646","Increasing"
"Namibia","651","Increasing"
"Zambia","651","Increasing"
"Lesotho","662","Increasing"
"South Africa","666","Increasing"
"Zimbabwe","673","Increasing"
"Botswana","677","Increasing"
"Azerbaijan","680","Increasing"
"Azerbaijan","681","Increasing"
"Zambia","681","Increasing"
"Zimbabwe","682","Increasing"
"Namibia","683","Increasing"
"Botswana","684","Increasing"
"Central African Republic","687","Increasing"
"Bhutan","688","Increasing"
"Swaziland","700","Increasing"
"Azerbaijan","708","Increasing"
"Azerbaijan","711","Increasing"
"Zambia","711","Increasing"
"Zimbabwe","712","Increasing"
"Zambia","716","Increasing"
"Azerbaijan","719","Increasing"
"Zimbabwe","725","Increasing"
"Botswana","728","Increasing"
"Bhutan","731","Increasing"
"Namibia","732","Increasing"
"Zambia","733","Increasing"
"Namibia","736","Increasing"
"Zambia","738","Increasing"
"South Africa","746","Increasing"
"Botswana","747","Increasing"
"Zimbabwe","749","Increasing"
"Zambia","752","Increasing"
"Zimbabwe","760","Increasing"
"Zambia","761","Increasing"
"Central African Republic","762","Increasing"
"Zambia","771","Increasing"
"Botswana","773","Increasing"
"Lesotho","775","Increasing"
"Bhutan","777","Increasing"
"Zambia","779","Increasing"
"Zimbabwe","780","Increasing"
"Zambia","786","Increasing"
"Zimbabwe","787","Increasing"
"Zambia","790","Increasing"
"Zambia","793","Increasing"
"Zimbabwe","801","Increasing"
"Swaziland","802","Increasing"
"Zimbabwe","804","Increasing"
"Zimbabwe","809","Increasing"
"Botswana","811","Increasing"
"Botswana","816","Increasing"
"Namibia","820","Increasing"
"South Africa","820","Increasing"
"Central African Republic","842","Increasing"
"Botswana","855","Increasing"
"South Africa","860","Increasing"
"Botswana","863","Increasing"
"Central African Republic","864","Increasing"
"South Africa","883","Increasing"
"Lesotho","887","Increasing"
"Botswana","888","Increasing"
"South Africa","892","Increasing"
"Swaziland","894","Increasing"
"Botswana","900","Increasing"
"Botswana","914","Increasing"
"Lesotho","916","Increasing"
"South Africa","922","Increasing"
"Botswana","923","Increasing"
"Central African Republic","923","Increasing"
"Botswana","929","Increasing"
"Botswana","932","Increasing"
"South Africa","932","Increasing"
"Central African Republic","933","Increasing"
"Namibia","939","Increasing"
"Namibia","942","Increasing"
"South Africa","948","Increasing"
"South Africa","963","Increasing"
"South Africa","967","Increasing"
"South Africa","977","Increasing"
"South Africa","977","Increasing"
"Swaziland","977","Increasing"
"Lesotho","985","Increasing"
"Lesotho","992","Increasing"
"Central African Republic","1001","Increasing"
"Central African Republic","1013","Increasing"
"Swaziland","1049","Increasing"
"Lesotho","1054","Increasing"
"Central African Republic","1073","Increasing"
"Namibia","1083","Increasing"
"Lesotho","1084","Increasing"
"Central African Republic","1090","Increasing"
"Swaziland","1110","Increasing"
"Lesotho","1119","Increasing"
"Central African Republic","1134","Increasing"
"Central African Republic","1156","Increasing"
"Swaziland","1157","Increasing"
"Namibia","1158","Increasing"
"Lesotho","1160","Increasing"
"Lesotho","1177","Increasing"
"Central African Republic","1181","Increasing"
"Swaziland","1190","Increasing"
"Central African Republic","1201","Increasing"
"Central African Republic","1211","Increasing"
"Swaziland","1214","Increasing"
"Lesotho","1218","Increasing"
"Central African Republic","1219","Increasing"
"Lesotho","1225","Increasing"
"Swaziland","1234","Increasing"
"Namibia","1238","Increasing"
"Swaziland","1254","Increasing"
"Lesotho","1259","Increasing"
"Lesotho","1259","Increasing"
"Lesotho","1278","Increasing"
"Lesotho","1279","Increasing"
"Swaziland","1279","Increasing"
"Swaziland","1311","Increasing"
"Swaziland","1347","Increasing"
"Namibia","1356","Increasing"
"Swaziland","1382","Increasing"
"Namibia","1389","Increasing"
"Namibia","1514","Increasing"
"Namibia","1518","Increasing"
"Namibia","1611","Increasing"
"Namibia","1615","Increasing"
"Namibia","1660","Increasing"
"Namibia","1662","Increasing"
